1	I trust myself to figure things out.
1	My voice matters even when it shakes.
1	I don't need permission to start.
1	Trying is already a kind of courage.
1	I can speak up without apologizing for existing.
1	What I think is worth saying out loud.
1	I give myself the same chance I'd give a friend.
1	Being nervous doesn't mean I'm not ready.
1	I stop rehearsing and just begin.
1	My ideas don't have to be perfect to matter.
1	I can ask for what I need.
1	Confidence is built, not born — and I'm building it.
1	I refuse to shrink myself to make others comfortable.
1	I can handle being seen.
1	Doubt can ride along, but it doesn't get to drive.
1	I choose to show up instead of hiding.
1	My opinion is allowed to take up space.
1	I don't need everyone to agree with me.
1	I can do hard things while scared.
1	I give myself credit for how far I've come.
1	I am capable of more than my worst day suggested.
1	I walk into rooms like I belong there.
1	I can disagree with someone I respect.
1	My potential isn't decided by anyone else's opinion.
1	I start before I feel ready.
1	I am allowed to want big things.
1	What I bring to the table is enough.
2	I am enough, exactly as I am right now.
2	My value isn't measured in likes or grades.
2	I don't have to earn the right to take up space.
2	I am not a project to be fixed.
2	Who I am matters more than what I produce.
2	I deserve the same kindness I give others.
2	I can like myself without being arrogant.
2	My worth doesn't drop when I make a mistake.
2	I don't need to prove myself to be valuable.
2	I am more than my worst moment.
2	I respect myself enough to say no.
2	Being different from the crowd isn't a flaw.
2	I am allowed to take care of myself first sometimes.
2	My body is not a problem to solve.
2	I don't compare my behind-the-scenes to someone else's highlight reel.
2	I am worthy of good things, not just hard things.
2	I can be proud of myself quietly.
2	I don't need a reason to deserve rest.
2	I am not "too much" — I am exactly right for the right people.
2	My existence doesn't require justification.
2	I treat myself like someone I'm responsible for.
2	I am allowed to outgrow people who make me feel small.
2	What I feel inside counts more than how I look outside.
2	I choose people who see my worth clearly.
2	I am not behind; I'm on my own timeline.
2	I can love who I'm becoming while accepting who I am.
2	I matter, even on ordinary days.
3	I can handle this on my own.
3	I figure things out instead of waiting to be rescued.
3	I make my own decisions and stand by them.
3	I don't need someone else to tell me what to do.
3	I take responsibility for my own life.
3	I can solve problems without panicking.
3	Asking for help is a choice, not a failure of independence.
3	I manage my own time like it belongs to me — because it does.
3	I learn by doing, not by being shown every step.
3	I can be alone without feeling lonely.
3	My choices are mine, and I own the results.
3	I don't follow the crowd just to feel safe.
3	I can cook, clean, plan, and handle my business.
3	I think for myself before I check what others think.
3	I am becoming someone I can rely on.
3	I don't wait for the perfect moment — I make a plan and go.
3	I can navigate unfamiliar places and situations.
3	I take care of my own responsibilities without being asked.
3	Independence means I get to choose my direction.
3	I learn from my own mistakes instead of fearing them.
3	I can stand alone when my values require it.
3	I build my own life one decision at a time.
3	I don't need constant approval to move forward.
3	I am capable of running my own day.
3	I trust my judgment even when it's unpopular.
3	I can start over somewhere new and be fine.
3	My life is mine to shape.
4	I get back up. Every time.
4	A bad day is not a bad life.
4	I have survived every hard thing so far — that's a perfect record.
4	Failure is information, not identity.
4	I bend without breaking.
4	What knocked me down taught me something.
4	I can start again without shame.
4	Tough seasons don't last, but tough people adapt.
4	I am allowed to fall apart and still put myself back together.
4	Rejection redirects me; it doesn't define me.
4	I keep going when it's boring, not just when it's exciting.
4	My scars are proof I kept trying.
4	I don't quit on myself.
4	Hard things make me stronger only if I let them — and I choose to.
4	I can sit with discomfort without running from it.
4	A setback is just a plot twist, not the ending.
4	I recover at my own pace, and that's fine.
4	I don't have to be okay right now to be okay eventually.
4	Pain passes. I remain.
4	I learn the lesson and leave the regret.
4	I am harder to break than I look.
4	When plans fall apart, I make new ones.
4	I can cry about it and still handle it.
4	I don't let one loss decide the whole game.
4	I have been through worse and came out wiser.
4	Giving up is the only real failure, and I don't do that.
4	Tomorrow gets a clean slate from me.
5	My feelings are valid, even the uncomfortable ones.
5	I can feel angry without acting angry.
5	This emotion will pass — all of them do.
5	I don't have to fix my feelings; I just have to feel them.
5	I breathe, and the storm gets smaller.
5	It's okay to not be okay for a while.
5	I name what I feel, and it loses some power over me.
5	I can pause before I react.
5	Sadness is not weakness; it's honesty.
5	I give myself permission to have a bad day.
5	I don't have to earn rest by being productive first.
5	My nervous system is not my enemy.
5	I can calm myself down — I have done it before.
5	I don't let a feeling make my decisions for me.
5	It's fine to cry. It doesn't undo my strength.
5	I check in with myself the way I'd check on a friend.
5	Anxiety is a signal, not a sentence.
5	I can hold two feelings at once and still be fine.
5	I slow down when everything feels too fast.
5	I don't have to smile through everything.
5	Peace is something I can practice.
5	I let go of what I can't control — starting today.
5	My mind can race; I don't have to chase it.
5	I am allowed to step away and reset.
5	Feelings are visitors, not residents.
5	I treat my bad moods with patience, not punishment.
5	Calm is a skill, and I'm getting better at it.
6	The kind of person I am matters more than what I achieve.
6	I treat people the way I want to be remembered.
6	Being kind costs me nothing and means everything.
6	I do the right thing even when no one is watching.
6	I stand up for people who can't stand up for themselves.
6	My character is what I do when it's inconvenient.
6	I apologize when I'm wrong — quickly and sincerely.
6	I don't gossip; I don't need to tear others down to feel tall.
6	Honesty is my default, even when it's uncomfortable.
6	I help without keeping score.
6	I am the same person in every room.
6	I give people the benefit of the doubt first.
6	Respect isn't earned by titles — I give it freely.
6	I clean up my own messes, literal and otherwise.
6	I keep my promises, especially the small ones.
6	I choose patience over being right in an argument.
6	I don't laugh at jokes that punch down.
6	I make room for people who are different from me.
6	Integrity means my words and actions match.
6	I am kind to strangers and rivals alike.
6	I tell the truth even when a lie would be easier.
6	I forgive people — mostly for my own peace.
6	I leave places better than I found them.
6	I don't need credit to do good.
6	I treat my family with the same respect I show my friends.
6	Being a good person is a daily practice, not a title.
6	I am someone others can count on.
7	I can start a conversation with someone new.
7	I listen more than I talk.
7	Good friends are made by being a good friend first.
7	I don't need a huge circle — a few real ones is enough.
7	I can join a group without waiting for an invitation.
7	I remember small things about people, and it matters to them.
7	I am easy to be around because I pay attention.
7	I can disagree with a friend and still keep the friendship.
7	I check on my friends, not just when I need something.
7	It's okay to outgrow friendships that no longer fit.
7	I make people feel heard.
7	I don't have to be the funniest person in the room to belong.
7	I reach out first sometimes.
7	I respect other people's boundaries the way I want mine respected.
7	I can be myself around the right people.
7	Loneliness is temporary; connection takes effort, and I put it in.
7	I celebrate my friends' wins like they're my own.
7	I don't compete with my friends — I grow with them.
7	I can handle small talk; it often leads somewhere real.
7	I am loyal without losing myself.
7	I give compliments freely and mean them.
7	I can eat alone and be perfectly fine — and still enjoy company.
7	I choose friends who make me want to be better.
7	I don't chase people who don't choose me back.
7	I show up for the people I care about.
7	Vulnerability with the right people builds real closeness.
7	I am a friend worth having.
8	I notice the good, even on ordinary days.
8	I am thankful for people who show up for me.
8	I have more than I give myself credit for.
8	Gratitude turns what I have into enough.
8	I appreciate the small things — they add up.
8	I say thank you and mean it.
8	Someone, somewhere, made my life easier today.
8	I don't take the people I love for granted.
8	I am grateful for my health, whatever shape it's in.
8	Even hard days have one good moment — I look for it.
8	I thank people specifically, not generically.
8	I am lucky in ways I forget to count.
8	A roof, food, people who care — that's a lot.
8	I appreciate what my parents do, even when we disagree.
8	I notice beauty without needing to photograph it.
8	I am thankful for second chances.
8	Gratitude is my reset button.
8	I don't need more to be happy right now.
8	I appreciate my own effort, not just results.
8	I am grateful for the friends who stayed.
8	Today I choose to focus on what went right.
8	I thank my past self for getting me here.
8	I notice when someone is kind to me, and I remember it.
8	I am grateful I get to try again tomorrow.
8	Contentment is a skill I practice daily.
8	I appreciate the quiet moments too.
8	I end today thankful, whatever it brought.
9	I wonder about things, and that's a strength.
9	Questions make me smarter than answers do.
9	I love learning things nobody assigned me.
9	Being wrong is how I get righter.
9	I read, watch, and ask — I feed my mind.
9	I don't have to know everything to start learning something.
9	Curiosity got me further than fear ever did.
9	I learn from people who disagree with me.
9	I try new things even if I might be bad at them.
9	I am a beginner at many things, and that's exciting.
9	I ask "why" without embarrassment.
9	I learn something new every week on purpose.
9	My brain grows when I challenge it.
9	I don't memorize — I understand.
9	I explore ideas the way others explore places.
9	I am allowed to change my mind when I learn more.
9	I seek out perspectives different from mine.
9	Learning is not just for school — it's for life.
9	I pay attention; the world is interesting if I look.
9	I take things apart to see how they work.
9	I am curious about people, not just topics.
9	I don't need to be the smartest — I need to stay curious.
9	I learn from failure faster than from success.
9	I follow my interests even when they're unusual.
9	I ask better questions than I did last year.
9	Knowledge compounds — small learning adds up.
9	I stay teachable, no matter how much I know.
10	I am loved, even when I mess up.
10	My family is my team — we win and lose together.
10	I belong here exactly as I am.
10	Home is people, not a place — and I have people.
10	I don't have to earn my family's love.
10	I am part of something bigger than myself.
10	My family wants me to succeed, not to be perfect.
10	I can come home — always.
10	Being known deeply by my family is a gift.
10	I add something to my family that no one else can.
10	I am rooted, even when I roam.
10	My family's story includes me, and I'm proud of that.
10	I don't have to face hard things alone.
10	Love in my family isn't conditional on achievement.
10	I belong to people who would drop everything for me.
10	I carry my family's strength with me wherever I go.
10	I am accepted here — the real me, not the polished version.
10	My family sees me trying, and that counts.
10	I have a seat at this table, no matter what.
10	We look out for each other — that's what we do.
10	I am someone's favorite person to come home to.
10	Knowing where I come from helps me know where I'm going.
10	I don't have to be far from home to feel its pull.
10	I am loved in my worst moments, not just my best.
10	Family means I never start from zero.
10	I bring my whole self home, and it's welcome.
10	Wherever I go, I carry belonging with me.
