1	I am brave enough to try new things.
1	My voice matters when I speak up.
1	I can raise my hand even if I feel shy.
1	Trying is more important than being perfect.
1	I trust what I think.
1	I can ask a question when I don't understand.
1	It's okay to be the first one to start.
1	I believe I can do hard things.
1	My ideas are worth sharing.
1	I can stand tall even when I'm nervous.
1	I don't need everyone to agree with me.
1	Speaking up gets easier each time I do it.
1	I can start even when I feel unsure.
1	I am allowed to take up space.
1	When I try, I learn something new.
1	I can tell someone what I need.
1	Being brave means feeling scared and trying anyway.
1	I can join in even if I don't know everyone.
1	My opinion counts.
1	I can do things that felt scary yesterday.
1	I am proud when I speak my mind kindly.
1	I can lead and I can follow.
1	Asking for help is a brave thing to do.
1	I can try a different way when the first way fails.
1	I am getting stronger at being me.
1	I can show what I know.
1	Confidence grows a little every day.
2	I am enough just the way I am.
2	I don't have to be like anyone else.
2	I like who I am becoming.
2	I am special and so is everyone else.
2	My worth isn't about grades or scores.
2	I matter even on my bad days.
2	I don't need to win to be valuable.
2	I am a good person inside.
2	It's okay to be different from my friends.
2	I am proud of who I am.
2	I deserve good things too.
2	I don't have to change to be loved.
2	I am important to my family.
2	What I think of myself counts the most.
2	I am not my mistakes.
2	I can like myself even when I mess up.
2	I am worth the same as everybody else.
2	I don't need to be the best to matter.
2	I am a one-of-a-kind person.
2	I can be happy being me.
2	I don't have to earn love by being perfect.
2	I am good enough right now.
2	My opinion of me matters most of all.
2	I am allowed to feel proud of myself.
2	Nobody else can be me, and that's great.
2	I treat myself like I treat my friends.
2	I am loved for who I am, not what I do.
3	I can figure things out on my own.
3	I can get myself ready in the morning.
3	Trying by myself helps me grow.
3	I can solve small problems without help.
3	I am in charge of my own choices.
3	I can pack my own bag for school.
3	When I don't know, I can find out.
3	I can do hard homework by myself first.
3	I am responsible for my own stuff.
3	I can make my own breakfast.
3	I don't need someone to watch me do it right.
3	I can think before I act.
3	My choices are mine to make.
3	I can clean up my own mess.
3	I can remember what I need to do.
3	I am capable of more than I think.
3	I can start my work without being asked.
3	I can handle being on my own for a little while.
3	I can tie my shoes and zip my own coat.
3	I make my bed because it's my job.
3	I can choose what to do with my free time.
3	I can finish what I started.
3	I don't give up just because no one is helping.
3	I can be on my own and feel okay.
3	I am learning to take care of myself.
3	I can say no when something isn't right.
3	I trust myself to make good choices.
4	Mistakes help me learn.
4	I can try again tomorrow.
4	Falling down doesn't mean staying down.
4	I can get through hard days.
4	When something breaks, I can fix it or start over.
4	I don't quit when it gets tough.
4	Bad days end, and good days come back.
4	I am stronger than my worst day.
4	I can feel sad and still keep going.
4	Losing a game doesn't make me a loser.
4	I can learn from what went wrong.
4	I bend but I don't break.
4	Tomorrow is a fresh start.
4	I can handle disappointment.
4	When I fail, I find another way.
4	Hard times don't last forever.
4	I can be upset and still be okay.
4	I keep going even when it's not fun.
4	One bad grade doesn't change who I am.
4	I can rebuild what fell apart.
4	I am tougher than I look.
4	Crying is okay, and then I wipe my tears.
4	I can start over as many times as I need.
4	Problems are just puzzles I haven't solved yet.
4	I don't let one bad moment ruin my day.
4	I can wait out the storm.
4	Every day I get a little stronger.
5	All my feelings are okay to feel.
5	I can take a deep breath when I'm upset.
5	It's okay to feel angry sometimes.
5	I can calm my body down when I need to.
5	Feelings come and feelings go.
5	I can name what I'm feeling.
5	When I'm mad, I can use words, not fists.
5	I can sit quietly until I feel better.
5	Being scared is normal and it passes.
5	I can ask for a hug when I need one.
5	My tears are allowed.
5	I can count to ten when I'm frustrated.
5	It's okay to need some alone time.
5	I can tell someone how I feel inside.
5	Worrying doesn't fix anything, breathing helps.
5	I can let go of the mad feeling.
5	My heart can feel many things at once.
5	I can be still and listen to my breath.
5	Crying when I'm sad is perfectly fine.
5	I can choose a calm voice.
5	Big feelings don't last forever.
5	I can squeeze my pillow when I'm upset.
5	I am safe even when I feel wobbly inside.
5	I can pause before I react.
5	It's okay to feel nervous before new things.
5	I can find my calm place inside me.
5	Feelings are visitors; they don't stay forever.
6	I treat others the way I want to be treated.
6	I can share even when it's hard.
6	Kind words make people feel good.
6	I help at home without being asked.
6	I tell the truth even when it's scary.
6	I can cheer up someone who is sad.
6	I clean up after myself to help my family.
6	I say please and thank you and mean it.
6	I can forgive when someone says sorry.
6	I don't laugh when someone gets hurt.
6	I can be kind to the new kid at school.
6	I keep my promises.
6	I can share my toys with my brother or sister.
6	Doing the right thing feels good inside.
6	I can stand up for someone being picked on.
6	I say sorry when I hurt someone.
6	I can give a compliment every day.
6	I help my teacher by listening well.
6	I am gentle with animals and little kids.
6	I can let someone else go first.
6	Honesty is always the best choice.
6	I can make my family smile today.
6	I don't say mean things, even as a joke.
6	I can share my snack with a friend.
6	I am the kind of person others can trust.
6	I can do a secret good deed today.
6	Being kind is being strong.
7	I can make a new friend today.
7	I listen when my friends talk.
7	I can invite someone to play with me.
7	Good friends take turns.
7	I can say hi to someone new.
7	I share the game and let others choose too.
7	I can ask my friend how they feel.
7	Playing fair keeps friends close.
7	I can join a game that's already started.
7	I keep my friend's secrets safe.
7	I can laugh with my friends, not at them.
7	I am a good friend to have.
7	I can work well in a team.
7	When we disagree, I can talk it out.
7	I can cheer for my friend even when I lose.
7	Friends don't have to agree on everything.
7	I can sit with someone who is alone.
7	I remember to include everyone.
7	I can say "let's play something you like."
7	A good friend shows up.
7	I can make up with a friend after a fight.
7	I listen more than I talk sometimes.
7	I can make room for one more.
7	Friends help each other get better.
7	I can be patient when my friend is slow.
7	I tell my friends what I appreciate about them.
7	I can start a conversation with a smile.
8	I am thankful for my family today.
8	I notice the good things around me.
8	I am grateful for my warm bed.
8	Saying thank you makes me feel happy.
8	I am thankful for food on my table.
8	I notice when someone helps me.
8	I am grateful for my healthy body.
8	I can find three good things about today.
8	I am thankful for my teachers.
8	I notice the sunshine and the rain.
8	I am grateful for books and stories.
8	I can thank someone who helped me today.
8	I am thankful for my home.
8	Small things can make me smile.
8	I am grateful for my friends.
8	I notice the good in a hard day too.
8	I am thankful for clean water to drink.
8	I can write down what I'm thankful for.
8	I am grateful for music and songs.
8	I notice when Mom or Dad does something nice.
8	I am thankful for my eyes that see colors.
8	I can say thank you before I eat.
8	I am grateful for weekends with my family.
8	I notice the stars and the moon.
8	I am thankful for my school.
8	I can thank my body for what it does.
8	I end my day by naming one good thing.
9	I love learning new things.
9	I can ask "why" as many times as I want.
9	I wonder about how the world works.
9	Reading takes me to new places.
9	I can learn from everyone I meet.
9	Questions make my brain stronger.
9	I like figuring out how things work.
9	I can try a new hobby this month.
9	Mistakes in learning are just steps.
9	I wonder what I'll discover today.
9	I can read one more chapter.
9	Learning is like building with blocks.
9	I am curious about people who are different from me.
9	I can learn a new word every day.
9	I like when school teaches me something cool.
9	I can watch and learn before I try.
9	My brain grows when I practice.
9	I wonder why the sky changes color.
9	I can ask the teacher when I'm curious.
9	I like solving puzzles and riddles.
9	Every book teaches me something.
9	I can learn to do what my hero does.
9	I am excited to know more tomorrow.
9	I can explore outside and find new things.
9	I don't have to know everything right now.
9	I can teach someone what I just learned.
9	Being curious makes life fun.
10	I am loved no matter what.
10	My family is my team.
10	I belong right here with my family.
10	Home is where I am safe.
10	I am loved even when I make mistakes.
10	My family cheers for me.
10	I have a place at the table.
10	I am part of something bigger than me.
10	My family loves me on good days and bad.
10	I belong at my school too.
10	I am never alone in my heart.
10	My family needs me just as I am.
10	I am held by love every day.
10	We stick together in my family.
10	I am my parents' pride and joy.
10	I belong wherever I am kind.
10	My family is proud of who I am.
10	I am connected to the people who love me.
10	Home goes with me wherever I go.
10	I am an important part of my family.
10	Love finds me even on lonely days.
10	I fit in my family like a puzzle piece.
10	My family listens to me.
10	I am rooted like a strong tree.
10	We take care of each other.
10	I am somebody's whole world.
10	I carry my family's love with me.
