4-6	I love my sister.
4-6	I love my brother.
4-6	My brother is my friend.
4-6	I am gentle with my brother.
4-6	I help my little brother.
4-6	My sister makes me laugh.
4-6	I hug my brother.
4-6	I am nice to my sister.
4-6	My siblings are the best.
4-6	I play with my brother.
4-6	My sister helps me.
4-6	I can say sorry to my brother.
4-6	My brother keeps me safe.
4-6	My sister sings with me.
4-6	I take turns with my sister.
4-6	My family sticks together.
4-6	I comfort my crying sister.
4-6	My sister is special.
4-6	I cheer for my brother.
4-6	My brother loves me.
4-6	Sisters and brothers are forever.
7-9	I look out for my little brother.
7-9	My sister and I make a good team.
7-9	I can share my toys with my brother.
7-9	When my sister is sad, I try to help.
7-9	I am lucky to have my brother.
7-9	We fight sometimes, but we always make up.
7-9	I like teaching my little sister new things.
7-9	My brother knows all my secrets.
7-9	I stand up for my sister.
7-9	Having a brother means never being bored.
7-9	I can say sorry first, even when it is hard.
7-9	My sister makes the best partner in crime.
7-9	My brother counts on me.
7-9	We laugh at the same silly jokes.
7-9	Nobody makes me laugh like my brother does.
7-9	I help my sister when mom asks me to.
7-9	Nobody understands me like my sibling does.
7-9	I save the last cookie for my brother.
7-9	My sister believes in me.
7-9	We are different, and that is okay.
7-9	Home is better with my siblings in it.
10-12	My siblings annoy me sometimes and I still love them.
10-12	I have my brother's back, no matter what.
10-12	My sister gets me in a way nobody else does.
10-12	We don't have to like the same things to be close.
10-12	I can forgive my sibling and mean it.
10-12	Being the oldest means setting the example.
10-12	Being the youngest doesn't mean being the weakest.
10-12	I listen when my brother needs to talk.
10-12	My sister and I are stronger together.
10-12	It's okay to need space from my siblings sometimes.
10-12	I celebrate my brother's wins like they're mine.
10-12	We share a history nobody else has.
10-12	I tell my sister the truth, kindly.
10-12	My siblings saw me at my worst and stayed.
10-12	I make room for my little brother.
10-12	Arguing doesn't mean we stopped loving each other.
10-12	I am proud of who my sister is becoming.
10-12	We look out for each other when parents aren't around.
10-12	I can be patient with my younger sibling.
10-12	My brother pushes me to be better.
10-12	One day we'll laugh about the fights we have now.
13+	One day my siblings will be my oldest friends.
13+	I don't have to like my brother to love him — but I do both.
13+	My sister is the only person who remembers my whole childhood.
13+	I show up for my siblings even when it's inconvenient.
13+	I respect my brother's choices even when I'd choose differently.
13+	I can be honest with my sister without being harsh.
13+	Nobody can tease my sister except me.
13+	I want my siblings to know I'm proud of them.
13+	The bond with my siblings outlasts every argument.
13+	I check on my sister for no reason.
13+	My siblings knew me before I knew myself.
13+	I forgive the dumb stuff we did as kids.
13+	Being a good sibling is a choice I make daily.
13+	I don't take my sister for granted.
13+	We don't talk every day, but I'd drop everything for them.
13+	My brother's success doesn't take away from mine.
13+	I tell my siblings I love them, even if it's awkward.
13+	Growing up, my siblings were my first real friends.
13+	I protect my little sister without making her feel small.
13+	Family is the team I never get traded from.
13+	I hope my siblings know they can always call me.
