4-6	We help each other.
4-6	I share my toys.
4-6	We clean up together.
4-6	I do my part.
4-6	We are a team.
4-6	I help my sister.
4-6	I help my brother.
4-6	We take turns.
4-6	I can share.
4-6	We play together.
4-6	I help set the table.
4-6	We pick up together.
4-6	I listen to friends.
4-6	We work together.
4-6	I help my family.
4-6	I am a helper.
4-6	We share our snacks.
4-6	I wait my turn.
4-6	We build it together.
4-6	I cheer for friends.
4-6	We do it together.
7-9	I do my part for the team.
7-9	I help my brother when he needs me.
7-9	We finish faster when we work together.
7-9	I share what I have.
7-9	I listen when my friends talk.
7-9	I help with chores without being asked.
7-9	My family is my team.
7-9	I take turns and I am fair.
7-9	I cheer for my friends, not just myself.
7-9	I say sorry when I mess up.
7-9	We clean our room together.
7-9	I help my sister with her homework.
7-9	I ask for help when I need it.
7-9	I am patient when others are slow.
7-9	Everyone's job matters, including mine.
7-9	I share the game controller.
7-9	I help set the table for dinner.
7-9	We solve problems together.
7-9	I am kind to the new kid.
7-9	I do my chores so my family can rest.
7-9	When my friend is sad, I sit with them.
10-12	A team wins when everyone does their job.
10-12	I don't have to be the star. I just have to show up.
10-12	Helping my sibling is not losing. It is what family does.
10-12	I listen first, then I talk.
10-12	When I do my chores, the whole house feels better.
10-12	I can disagree without being mean about it.
10-12	Fair means everyone gets a turn, including me.
10-12	I ask for help instead of struggling alone.
10-12	My friends count on me, and I count on them.
10-12	I clean up my mess so others don't have to.
10-12	Being a good teammate matters more than being the best player.
10-12	I give credit when someone else does good work.
10-12	At home I pull my weight. No one should do it all.
10-12	I am patient when my sibling gets on my nerves.
10-12	We figure it out together instead of fighting about it.
10-12	I help the new kid feel welcome at school.
10-12	Doing my homework is my part of the deal.
10-12	I say thank you when someone helps me.
10-12	A good team talks things out. I use my words.
10-12	I share what I know when a friend is stuck.
10-12	Family first means I show up for them.
13+	I don't have to do everything. I have to do my part.
13+	Asking for help is not weakness. It is how teams work.
13+	I pull my weight at home without being asked twice.
13+	My siblings and I are on the same side, even when we fight.
13+	I listen to understand, not just to reply.
13+	Credit shared is credit doubled. I don't need to be the hero.
13+	Doing the boring job well is what makes me reliable.
13+	I respect people who do the work nobody sees.
13+	Family is a team sport. I show up for practice.
13+	I can be right without making someone else feel small.
13+	When the group struggles, I step in instead of stepping back.
13+	I keep my promises to my friends.
13+	Tolerance means giving people room to be different from me.
13+	I do my homework because my education is my job right now.
13+	Chores are not punishment. They are my share of the house.
13+	I celebrate my friends' wins like they are mine.
13+	A team is only as strong as its weakest moment. I don't quit on mine.
13+	I apologize when I am wrong, even when it is uncomfortable.
13+	I make room for the quiet kid. Everyone deserves a seat.
13+	Leadership is serving the team, not bossing it.
13+	At the end of the day, I want people to say I was solid.
