4-6	I do my chores.
4-6	I clean my room.
4-6	I finish my work.
4-6	I keep my promise.
4-6	I do my best.
4-6	I help at home.
4-6	I put toys away.
4-6	I try hard.
4-6	I do it myself.
4-6	I take care of things.
4-6	I finish what I start.
4-6	I do my part.
4-6	I am helpful.
4-6	I do it right.
4-6	I remember my jobs.
4-6	I work hard.
4-6	I tidy up.
4-6	I do it now.
4-6	I am responsible.
4-6	I care for my things.
4-6	I do my share.
7-9	I finish my homework before I play.
7-9	I do my chores without being asked.
7-9	I keep my promises, even small ones.
7-9	I take care of my things.
7-9	I put real effort into my work.
7-9	I clean up my own mess.
7-9	I remember what I am supposed to do.
7-9	I finish what I start, even when it's boring.
7-9	I help around the house.
7-9	I do my homework carefully.
7-9	I put things back where they belong.
7-9	I am someone people can count on.
7-9	I do the hard thing first.
7-9	I take pride in a job well done.
7-9	I don't quit when it's tough.
7-9	I pack my own bag for school.
7-9	I do my share of the work.
7-9	I follow through on what I say.
7-9	I keep my room tidy.
7-9	I handle my business.
7-9	I show up and do my part.
10-12	Doing my best matters more than being the best.
10-12	I finish my homework even when I'd rather do something else.
10-12	People can count on me because I follow through.
10-12	I do my chores well, not just fast.
10-12	When I say I'll do something, I do it.
10-12	I take care of my things so they last.
10-12	Hard work feels good when it's done.
10-12	I don't wait to be told twice.
10-12	My best effort is enough, and I give it.
10-12	I clean up after myself without making it someone else's job.
10-12	I plan my time so homework gets done.
10-12	Small jobs done well build trust.
10-12	I take responsibility when I mess up.
10-12	I do the boring parts too, not just the fun ones.
10-12	Being reliable is something I choose every day.
10-12	I keep my word, even when it's inconvenient.
10-12	I put in the work before I expect the result.
10-12	My room, my mess, my job.
10-12	I ask for help when I need it, then I finish the job.
10-12	Excuses don't get things done. I do.
10-12	I treat my commitments like they matter, because they do.
13+	Discipline is doing what needs doing even when I don't feel like it.
13+	I handle my responsibilities before I chase my wants.
13+	Nobody's coming to do it for me, and that's fine. I can handle it.
13+	My word means something because I back it up.
13+	I do the unglamorous work without needing applause.
13+	Being reliable is a reputation I build one kept promise at a time.
13+	I take care of my space, my work, and my people.
13+	I'd rather be tired from effort than restless from avoidance.
13+	I finish things. That's what separates intentions from results.
13+	Owning my mistakes is part of owning my life.
13+	I don't need motivation to start. I start, and motivation follows.
13+	The standard I hold is mine, and I don't lower it when no one's watching.
13+	I do my part without keeping score.
13+	Homework, chores, commitments — I handle what's mine.
13+	I prepare today so tomorrow isn't a scramble.
13+	Doing my best is a habit, not a mood.
13+	I take pride in being someone others can lean on.
13+	If it's my job, it's done right. No shortcuts.
13+	I respect my own time by not wasting it.
13+	Responsibility isn't a burden. It's proof I'm growing up.
13+	I earn trust by doing what I said I'd do.
